{

    "lease":[
        {
            "img":"../img/LeaseImg/LeaseImg1.png",
            "type":"剑桥探索公园，400-500号楼",
            "city":"马萨诸塞州剑桥市",
            "price":"270,000 SF"
        },
        {
            "img":"../img/LeaseImg/LeaseImg2.png",
            "type":"肯德里克街117号",
            "city":"李约瑟，马萨诸塞州",
            "price":"213,000 SF"
        },
        {
            "img":"../img/LeaseImg/LeaseImg3.png",
            "type":"1560 TRAPELO ROAD",
            "city":"马萨诸塞州沃尔瑟姆",
            "price":"61,000 SF"
        },
        {
            "img":"../img/LeaseImg/LeaseImg4.png",
            "type":"第二大道75号",
            "city":"李约瑟，马萨诸塞州",
            "price":"111,928 SF"
        },
        {
            "img":"../img/LeaseImg/LeaseImg5.png",
            "type":"泰勒技术中心",
            "city":"马萨诸塞州利特尔顿",
            "price":"98,262 SF"
        },
        {
            "img":"../img/LeaseImg/LeaseImg6.png",
            "type":"德比街99-101号",
            "city":"马萨诸塞州，Hingham",
            "price":"62,793 SF"
        },
        {
            "img":"../img/LeaseImg/LeaseImg7.png",
            "type":"第二个李约瑟所",
            "city":"李约瑟，马萨诸塞州",
            "price":"28,269 SF"
        },
        {
            "img":"../img/LeaseImg/LeaseImg8.png",
            "type":"250第一大道",
            "city":"李约瑟，马萨诸塞州",
            "price":"73,167 SF"
        },
        {
            "img":"../img/LeaseImg/LeaseImg9.png",
            "type":"教堂街59-63号",
            "city":"马萨诸塞州剑桥市",
            "price":"10,822 SF"
        },
        {
            "img":"../img/LeaseImg/LeaseImg10.png",
            "type":"1285 BEACON STREET",
            "city":"马萨诸塞州布鲁克莱恩",
            "price":"21,360 SF"
        }
    ]
}