{
    "list":{
        "news_list_001":{
            "img":"https://www.bulfinch.com/wp-content/uploads/2019/03/Bulfinch_117-Kendrick-St_B_241469_forweb.jpg",
            "title":"CANDEL THERAPEUTICS在马萨诸塞州NEEDHAM的KENDRICK街117号获得16,000平方英尺的实验室/办公室",
            "content":"Bulfinch今天宣布，总部位于马萨诸塞州的生物技术公司Candel Therapeutics已经在马萨诸塞州Needham的117 Kendrick Street签署了一份为期7年的16,000 SF实验室和办公空间租约。Mike Wilcox，高级副总裁，租赁总监...... ",
            "id":"001"
        },
        "news_list_002":{
            "img":"https://www.bulfinch.com/wp-content/uploads/2018/11/CDP_4.png",
            "title":"Bulfinch在剑桥探索公园的270,000平方英尺最先进的实验室和办公大楼中破土动工",
            "content":"Bulfinch今天宣布，剑桥探索公园400-500建设正在进行中，这是剑桥探索公园（CDP）新建的世界级270,000平方英尺的A级实验室，研发和办公室开发项目。这座六层楼的建筑有两个独立的基座和一个...... ",
            "id":"002"
        },
        "news_list_003":{
            "img":"https://www.bulfinch.com/wp-content/uploads/2019/01/Eastdil-Secured-10-Brookline-42_LR-e1547224859624.jpg",
            "title":"Bulfinch通过收购10 Brookline Place加强投资组合",
            "content":"Bulfinch是一家私人房地产投资，开发和管理公司，今天宣布该公司的一家子公司已经完成了对位于马萨诸塞州布鲁克莱恩的10 Brookline Place的收购。该物业共有六层楼，总数约为...... ",
            "id":"003"
        },
        "news_list_004":{
            "img":"https://www.bulfinch.com/wp-content/uploads/2018/11/25Chardon_1-e1544026501468.jpg",
            "title":"Bulfinch关闭新Chardon Street物业担保的长期无追索权贷款",
            "content":"Bulfinch是一家私人房地产投资，开发和管理公司，今天宣布关闭由大西洋宪章大楼与林肯国民人寿保险公司担保的长期无追索权贷款。15年的贷款带来了吸引力...... ",
            "id":"004"
        },
        "news_list_005":{
            "img":"https://www.bulfinch.com/wp-content/uploads/2018/11/Conor-Brennan_lowres-1-e1544733623343.jpg",
            "title":"Bulfinch促使Conor Brennan担任收购高级副总裁",
            "content":"Bulfinch是一家私人房地产投资，开发和管理公司，今天宣布任命Conor Brennan为收购高级副总裁。Conor领导Bulfinch的收购团队，专注于通过采购，分析......继续发展Bulfinch产品组合...... ",
            "id":"005"
        },
        "news_list_006":{
            "img":"https://www.bulfinch.com/wp-content/uploads/2018/10/MarkDiOrio-e1544733665847.jpg",
            "title":"Bulfinch将Mark R. Diorio提升为董事总经理兼总法律顾问",
            "content":"Bulfinch是一家私人房地产投资，开发和管理公司，今天宣布任命Mark R. DiOrio为董事总经理兼总法律顾问。经过近十年的实践，Mark于1997年加入Bulfinch ...... ",
            "id":"006"
        },
        "news_list_007":{
            "img":"https://www.bulfinch.com/wp-content/uploads/2018/11/WIREDCERTIFIED_logo-copy.jpg",
            "title":"Bulfinch在Ten Properties获得WiredScore认证",
            "content":"Bulfinch是一家私人房地产投资，开发和管理公司，今天宣布Bulfinch已在其10个商业地产中获得了有线认证，以获得先进的技术基础设施。超过75％的投资组合获得WiredScore认证，Bulfinch ...... ",
            "id":"007"
        },
        "news_list_008":{
            "img":"https://www.bulfinch.com/wp-content/uploads/2018/11/JP-Post-Office-Historical-Plaque-e1544631552477.jpg",
            "title":"Bulfinch与牙买加平原历史协会合作，重新安装美国伊甸园牌匾",
            "content":"Bulfinch是一家私人商业房地产投资公司，很高兴地宣布它已经与牙买加平原历史协会（JPHS）合作，在牙买加平原邮局重新安装一块历史牌匾，由...拥有和管理。",
            "id":"008"
        },
        "news_list_009":{
            "img":"https://www.bulfinch.com/wp-content/uploads/2018/06/HqO-e1544631613160.jpg",
            "title":"HqO为城市郊区办事处的租户社区带来了技术支持的设施和经验",
            "content":"HqO是一个商业房地产租户体验平台，今天宣布它在波士顿地区的办公楼共有三个新房东，总面积达到120万平方英尺。在詹姆斯敦的创新发布之后... ",
            "id":"009"
        },
        "news_list_010":{
            "img":"https://www.bulfinch.com/wp-content/uploads/2018/06/2018-Spring-Breakfast-JPEGs_121_medres-e1544632843588.jpg",
            "title":"Bulfinch赢得两项绿色奖，肯定了对可持续发展和绿色实践的承诺",
            "content":"Bulfinch是一家私人房地产投资，开发和管理公司，今天宣布已与哈佛大学在马萨诸塞州剑桥市784 Memorial Drive签署了长期租约。由Bulfinch的附属公司拥有，这个61,000平方英尺的财产是显着的... ",
            "id":"010"
        },
        "news_content_001":{
            "pic":"https://www.bulfinch.com/wp-content/uploads/2019/03/Bulfinch_117-Kendrick-St_B_241469_forweb-1024x685.jpg",
            "title":"CANDEL THERAPEUTICS在马萨诸塞州NEEDHAM的KENDRICK街117号获得16,000平方英尺的实验室/办公室",
            "place_date":"波士顿，马萨诸塞州 - 2019年3月29日",
            "paragraph":[
                "Bulfinch今天宣布，总部位于马萨诸塞州的生物技术公司Candel Therapeutics已经在马萨诸塞州Needham的117 Kendrick Street签署了一份为期7年的16,000 SF实验室和办公空间租约。",
                "Bulfinch租赁总监，高级副总裁Mike Wilcox代表了交易的所有权。高级副总裁Evan Gallagher和高力国际执行副总裁John A. Carroll III代表租户Candel Therapeutics。",
                "我们很高兴能帮助建立N2走廊生物技术社区。Candel的首席执行官Estuardo Aguilar-Cordova博士表示，地理位置和设施将使我们能够培养创新和社区的富有成效的文化。",
                "我们很高兴欢迎Candel成为117 Kendrick Street的第二个生命科学租户，并能够为这个特殊资产的实验室用户提供服务，”Bulfinch首席执行官Eric Sc​​hlager说。“Bulfinch仍然致力于发展我们的生命科学产品组合。”Mike Wilcox补充说：“我们参与了N2走廊，以及我们目前在剑桥探索公园的开发，这是一座270,000平方英尺的实验室和办公大楼，目前正在建设中并计划交付2020年第一季度，进一步证明了Bulfinch对生命科学和医疗资产的关注。我们致力于为租户提供位置优越的物业和最先进的空间，以招募和留住有才能的员工。",
                "117 Kendrick Street位于N2创新区内的Needham Crossing商业园区，这是大波士顿领先的科技中心之一。该位置可直接通往I-95 / Route 128和128 Business Council Shuttle Service。Needham镇经济发展总监Devra Bailin说：“Mike Wilcox和Bulfinch是Newton-Needham走廊成功的关键因素。他们的规划和开发专业知识以及他们在N2区的投资确实有助于改造该地区。",
                "Bulfinch于2014年收购了该建筑。鉴于对技术和生命科学领域不断增长的需求，Bulfinch确定了该物业系统，公共区域和户外空间的重要装修，以重振该物业。建筑大堂已经从过时的设计转变为现代化，光线充足且温馨的入口，增强了游客进入建筑物时的访客和租户体验。最新的户外庭院与内部升级相得益彰，提供多层座位选择，配有火坑和精心布置的植被。在酒店内，租户享受全方位服务的自助餐厅和休息室，并使用HqO租户参与应用程序来增加沟通，并为当地零售商提供各种现场设施和特权。该建筑物已获得金级有线分数。",
                "该建筑的建筑师，Stantec的高级负责人Larry Grossman补充说：“我们将办公室外的工作环境扩展到包括街道和公共区域。通过创造更温暖的装饰和邀请家具的空间，我们能够促进社会互动和人们随便在小团体中相遇的能力。",
                "最近的翻新工作促成了着名的生物制药租户Verastem，Inc。决定在2018年留在肯德里克街117号，并扩大他们的空间。其他租户包括Warner Brothers，Marcum LLP，Enservio和BBK Worldwide。"
            ]
        },
        "news_content_002":{
            "pic":"https://www.bulfinch.com/wp-content/uploads/2018/11/CDP_01-1024x618.jpg",
            "title":"BULFINCH在剑桥探索公园的270,000平方英尺最先进的实验室和办公大楼中破土动工",
            "place_date":"波士顿，马萨诸塞州 - 2019年1月25日",
            "paragraph":[
                "Bulfinch今天宣布，剑桥探索公园400-500建设正在进行中，这是剑桥探索公园（CDP）新建的世界级270,000平方英尺的A级实验室，研发和办公室开发项目。",
                "这座六层高的建筑在CDP的私人Discovery Way Drive上设有两个独立的基座和三至六层的连接器，旨在为最终的CDP开发场地提供完全最终用户的灵活性，同时可以看到剑桥和波士顿的一览无余的景色。它具有高效和开放的约42,000平方英尺的楼板，保持连通性，两个不同的大堂通过一楼的人行道连接，具有高品牌的品牌机会，新的底层设施，包括咖啡厅和健身中心，连接楼梯，楼层到 - 窗户，高高的天花板和节能系统，以及与383辆车相邻的新车库。核心和外壳的目标是在2019年底交付。",
                "我们很高兴能够在CDP开始建设400-500号楼，”Bulfinch高级副总裁，租赁总监迈克尔威尔考克斯说道。“位于一个着名的生命科学集群中，租户将受益于该项目直接进入2号线及其附近步行距离到Alewife站的MBTA红线，以及所有先进的服务和前所未有的设施CDP是一个既定的，蓬勃发展的最先进的科学和技术目的地。",
                "CDP是剑桥的一个实验室，研发和办公室开发项目，目前在三栋建筑中占地400,000平方英尺，由新的150间客房的波士顿剑桥AC酒店及其会议中心，餐厅，酒吧和一个650车位的停车库赞誉。该场地包括27英亩的郁郁葱葱的绿地，步行道以及强大的基础设施和公用设施。它被Alewife Brook Reservation所环绕，是剑桥最大的校园之一，提供难得的机会，享受城市中的自然环境。从Alewife MBTA红线站步行或短短五分钟的班车可轻松抵达CDP，从波士顿和洛根机场仅需20分钟，到达128号公路仅需9分钟。在CDP周围有一个住宅热潮，一半有2,245个现有单位 - 半径，另有667套在建或拟建的公寓。CDP的优秀租户名单包括：Forrester Research，Smithsonian Astrophysical Observatory，FogPharma和Genocea Biosciences，Inc。",
                "JLL在剑桥实验室市场拥有专业知识，是新大楼的租赁代理商。“在CDP建设400-500将继续将充满活力的校园定位为该地区的领导者，”JLL常务董事Peter Bekarian表示。“剑桥是大波士顿最受欢迎的实验室，而Alewife的生命科学集群已成为东剑桥低空置限制的理想选择。这座建筑为创新中心的生命科学和科技公司提供了充足的空间。",
                "除了AC酒店外，CDP的其他设施还包括：户外座位和用餐区，内部咖啡厅，全方位服务的健身和瑜伽中心，自行车共用，带自行车储藏室的多个自行车架，电动车充电站，车库停车场，ATM银行业务和一个带水雕的新河滨公园。"
            ]
        },
        "news_content_003":{
            "pic":"https://www.bulfinch.com/wp-content/uploads/2019/01/Eastdil-Secured-10-Brookline-42_LR-e1547224859624-1024x654.jpg",
            "title":"BULFINCH通过收购10 BROOKLINE PLACE加强投资组合",
            "place_date":"波士顿，马萨诸塞州 - 2018年12月31日",
            "paragraph":[
                "Bulfinch是一家私人房地产投资，开发和管理公司，今天宣布该公司的一家子公司已经完成了对位于马萨诸塞州布鲁克莱恩的10 Brookline Place的收购。",
                "该物业共有六层，总面积约为173,000平方英尺，在占地1.7英亩的土地上设有240个+/-车库停车位。该酒店地理位置优越，位于Longwood医疗区（LMA）的入口处，毗邻一个主要的新儿童医院设施和一个11层的Hilton Garden Inn，两个都在建设中。该物业毗邻Green Line的Br​​ookline Village MBTA站，是MASCO班车的预定站点，为LMA的租户提供免费交通服务。",
                "该建筑100％租给Dana-Farber癌症研究所。此次收购建立在Bulfinch与Dana-Farber现有业主/租户关系的基础上，Dana-Farber在Bulfinch的Life Time Center（位于Chestnut Hill的9号公路上的医疗和健康中心）的两层楼租赁了140,000平方英尺。Dana-Farber在Life Time Center的工厂预计将在2020年向患者开放。",
                "10 Brookline Place位于Longwood医疗区入口处的理想位置，靠近主要医院，研究机构和公共交通，使这项资产成为我们在大波士顿的多元化物业组合的绝佳投资和补充，”Eric Sc​​hlager说， Bulfinch的首席执行官。“我们很高兴能够将我们的企业精神和对这项资产的承诺融入其中，我们期待着与Dana-Farber扩大合作关系，并为邻里增添价值。",
                "此次收购增加了Bulfinch在Brookline，Cambridge和Chestnut Hill不断增长的投资组合，并与该公司在波士顿核心市场收购优质资产的愿景保持一致。"
            ]
        },
        "news_content_004":{
            "pic":"https://www.bulfinch.com/wp-content/uploads/2018/11/25Chardon_1-1024x690.jpg",
            "title":"BULFINCH关闭新CHARDON STREET物业担保的长期无追索权贷款",
            "place_date":"波士顿，马萨诸塞州 - 2018年12月3日",
            "paragraph":[
                "Bulfinch是一家私人房地产投资，开发和管理公司，今天宣布关闭由大西洋宪章大楼与林肯国民人寿保险公司担保的长期无追索权贷款。15年期贷款具有吸引力的固定利率，是该公司与林肯的第三笔贷款。",
                "该建筑由六层楼组成，总面积约111,000平方英尺的办公室和医疗空间位于马萨诸塞州波士顿新霞街25号政府中心。该建筑由Bulfinch的附属公司所有，最初于1968年开发，并于1999年进行了扩建和全面翻新。该物业100％租赁，大西洋宪章保险公司，美国邮政服务和合作伙伴医疗保健作为主要租户。",
                "Bulfinch首席执行官Eric Sc​​hlager表示：“这项新融资证明了我们的投资组合的质量以及我们以极具吸引力的价格获得长期资本的良好机会。” “Bulfinch对我们既定的和长期存在的贷方关系感到非常自豪，我们期待在不久的将来与林肯完成更多的交易。"
            ]
        },
        "news_content_005":{
            "pic":"https://www.bulfinch.com/wp-content/uploads/2018/11/Conor-Brennan_lowres-1-e1544733623343.jpg",
            "title":"BULFINCH促使CONOR BRENNAN担任收购高级副总裁",
            "place_date":"马萨诸塞州NEEDHAM - 2018年9月30日",
            "paragraph":[
                "Bulfinch是一家私人房地产投资，开发和管理公司，今天宣布任命Conor Brennan为收购高级副总裁。",
                "Conor领导Bulfinch的收购团队，专注于通过在Bulfinch核心市场采购，分析和执行增值投资机会来持续增长Bulfinch投资组合。Conor还为融资和资产管理提供战略支持，确保Bulfinch的投资组合在长期内产生一致且优越的风险调整回报。",
                "首席执行官Eric Sc​​hlager表示，“我们很高兴能够认可Conor在过去两年中对Bulfinch的重大贡献。“他在我们的主要市场收购Bulfinch的增值投资方面发挥了重要作用，包括2018年两个剑桥资产.Coror全面而多样化的背景补充了我们的高级领导团队，并与Bulfinch的长期投资直接相关战略。",
                "Conor从总部位于费城的私募股权公司Rubenstein Partners的投资团队加入Bulfinch，他专注于新英格兰，大西洋中部和中西部城市的增值投资，负责新的收购，融资，处置，组合投资的资产管理。在加入Rubenstein Partners之前，Conor在纽约毕马威会计师事务所担任职务，为商业房地产客户提供咨询服务。",
                "Conor获得了圣母大学的工商管理学士学位和哈佛商学院的工商管理硕士学位。他是房地产金融协会（REFA）和城市土地学会（ULI）的积极成员。"
            ]
        },
        "news_content_006":{
            "pic":"https://www.bulfinch.com/wp-content/uploads/2018/10/MarkDiOrio-e1544733665847.jpg",
            "title":"BULFINCH将MARK R. DIORIO提升为董事总经理兼总法律顾问",
            "place_date":"马萨诸塞州NEEDHAM - 2018年9月30日",
            "paragraph":[
                "Bulfinch是一家私人房地产投资，开发和管理公司，今天宣布任命Mark R. DiOrio为董事总经理兼总法律顾问。",
                "在与Ropes＆Gray LLP一起执行房地产法律近十年后，Mark于1997年加入Bulfinch。Mark在Bulfinch工作了20多年，负责监督公司的法律事务，并在资产管理和开发方面发挥关键和重要作用。",
                "我们很高兴能够认识到马克在过去二十年中对Bulfinch做出的重大贡献，以及他在实施Bulfinch战略和增长方面的更大作用，”首席执行官Eric D. Schlager说。“Mark表现出积极的领导能力，监督一系列重要项目和计划，包括剑桥的发展，业务流程的进步以及公司和人力资源实践和文化的改进。",
                "Mark在高露洁大学获得英语文学学士学位，在杜克大学法学院获得法学博士学位。他是美国律师协会，马萨诸塞州律师协会，波士顿律师协会，马萨诸塞州房地产律师协会和NAIOP商业房地产开发协会的成员。Mark还积极参与多个社区组织，包括Envision Alewife，剑桥市气候变化脆弱性评估工作组和温彻斯特社区音乐学校。"
            ]
        },
        "news_content_007":{
            "pic":"https://www.bulfinch.com/wp-content/uploads/2018/11/WIREDCERTIFIED_logo-copy.jpg",
            "title":"BULFINCH在TEN PROPERTIES获得WIREDSCORE认证",
            "place_date":"马萨诸塞州NEEDHAM - 2018年9月25日",
            "paragraph":[
                "Bulfinch是一家私人房地产投资，开发和管理公司，今天宣布Bulfinch已在其10个商业地产中获得了有线认证，以获得先进的技术基础设施。Bulfinch拥有超过75％的WiredScore认证产品，致力于为租户提供卓越的连接，技术基础设施和采用新兴技术的准备。",
                "WiredScore是国际知名的有线认证标准的先驱，该标准评估和区分商业建筑中最佳的互联网连接。受到全球租户的信赖，有线认证印章表明建筑物已经过独立评估，并保证能够提供当今企业茁壮成长所需的互联网基础设施。",
                "Bulfinch的有线认证建筑中的每一栋都包括高度先进的技术基础设施，为他们赢得了有线认证金级和银级。这些认证基于每个建筑物，为租户提供多个光纤提供商，多个布线入口（有增长空间），整个建筑内易于接入的光纤布线，受保护和安全的专用电信机柜，以最大限度地减少中断，并简化与承运人的法律承包过程。代表A级办公室，医疗和实验室建筑的集合，Bulfinch的十个有线认证物业将于2018年获得指定，包括：",
                "<strong>784 Memorial Drive</strong><br>Cambridge，MA<br>在线认证金牌",
                "<strong>福布斯商业中心</strong><br>列克星敦，马萨诸塞州<br>在线认证银牌",
                "<strong>克劳福德广场</strong><br>李约瑟，马萨诸塞州<br>在线认证",
                "<strong>马萨诸塞</strong><br>州李约瑟沃尔瑟姆技术中心<br>在线认证银牌",
                "<strong>95 Mount Auburn Street</strong><br>Cambridge，MA <br>在线认证银牌",
                "<strong>德比企业中心</strong><br>马萨诸塞州，Hingham <br>在线认证银牌",
                "<strong>100橡果公园</strong><br>剑桥探索公园<br>剑桥，马萨诸塞州<br>在线认证银牌",
                "<strong>第二个Needham Place</strong><br>Needham，MA <br>在线认证白银",
                "<strong>Mount Auburn Place</strong><br>Cambridge，MA<br>在线认证银牌",
                "<strong>李约瑟执行中心</strong><br>马萨诸塞州Needham <br>在线认证银牌",
                "在进行有线认证时，每栋建筑都经过了由领先工程师团队进行的广泛认证过程。完成全面的现场评估，评估建筑物的可用互联网服务提供商数量，基础设施冗余，连接接入点以及改善连接的准备情况后，将根据WiredScore制定的官方标准及其建议分配有线认证级别。委员会。",
                "Bulfinch很自豪能够为我们75％以上的产品组合提供技术先进的空间，”Bulfinch租赁总监，高级副总裁Michael Wilcox说。“在我们的产品组合中拥有丰富的认证，包括LEED和能源之星，证明了我们为租户投入最高质量福利的长度。有线认证印章标志着我们的理解，即通过多种渠道实现高速连接对于当今的工作场所至关重要，并且在我们不断发展的以技术为中心的世界中，对当今互联租户的需求也是如此。",
                "从剑桥到他们的郊区资产，Bulfinch了解投资支持波士顿占用者最重要的举措的价值：获得弹性和可靠的数字连接，”波士顿WiredScore负责人Dave Miller补充道。“实现大部分办公室资产的指定，这是市场的一个明确信号，即Bulfinch在未来几年投资于未来的这些房产。"
            ]
        },
        "news_content_008":{
            "pic":"https://www.bulfinch.com/wp-content/uploads/2018/11/JP-Post-Office-Historical-Plaque-e1544631552477-2000x1265.jpg",
            "title":"BULFINCH与牙买加平原历史协会合作，重新安装美国伊甸园牌匾",
            "place_date":"马萨诸塞州NEEDHAM - 2018年7月10日",
            "paragraph":[
                "Bulfinch是一家私人商业房地产投资公司，很高兴地宣布它已与牙买加平原历史协会（JPHS）合作，在牙买加平原邮局重新安装一块历史牌匾，该邮局由Bulfinch的一家子公司拥有和管理。",
                "“美国伊甸园”波士顿200牌匾最初居住在中心街655号的JP邮局，并于14年前被拆除，当时该建筑正在建设中。默特尔街居民乔治·菲尔菲尔德（George Fifield）拯救了这块牌匾，最近还将其归还邮局。",
                "这块牌匾是JPHS在过去几年中重新安置和重新安装的其他三个1976年二百周年纪念牌匾之一。该牌匾上写着“牙买加平原是美国的伊甸园”，其中包括19世纪的AJ Dowling“图案书”中托斯卡纳别墅式维多利亚式房屋的图像，其设计与居民住宅相似。",
                "JPHS于6月27日星期三举行了重新启动和揭幕仪式。JPHS副总裁Michael Reiskind与波士顿街道负责人Chris Osgood以及JPHS，Bulfinch代表和当地居民的成员一同出席了会议。",
                "Bulfinch很荣幸与JP历史学会合作，以保留JP在波士顿市的丰富历史，”Bulfinch首席执行官Eric Sc​​hlager说。“我们很自豪地在我们的建筑上展示'美国伊甸园'牌匾，作为骄傲的象征，并庆祝19世纪的美丽。"
            ]
        },
        "news_content_009":{
            "pic":"https://www.bulfinch.com/wp-content/uploads/2018/06/HqO-e1544631613160-2000x1060.jpg",
            "title":"HQO为城市郊区办事处的租户社区带来了技术支持的设施和经验",
            "place_date":"马萨诸塞州NEEDHAM - 2018年6月19日",
            "paragraph":[
                "HqO 是一个商业房地产租户体验平台，今天宣布它在波士顿地区的办公楼共有三个新房东，总面积达到120万平方英尺。在波士顿海港附近的詹姆斯敦创新与设计大楼推出后，HqO移动应用程序现在可供位于Needham 的Hillsite办公大楼国家开发公司所拥有的伯灵顿区的租户使用，该公司由Bulfinch公司的子公司所有。和Boylston Properties旗下的Watertown的LINX 。",
                "根据世邦魏理仕的说法，具有城市特色的郊区办公室子市场（或“城市 - 郊区”办公室）处于最佳位置，可以通过实时工作的动态来捕捉占用者的需求，包括更高的办公空间，住房和零售密度。作为交通设施和其他设施。此外，2017年，超过50％的最成熟的城市郊区市场的租金超过了市中心的同行。随着城市价格持续上涨，千禧一代的老龄化正在转移到可访问的，享受舒适性的郊区，企业正在利用这种迁移来捕捉最需求的人才。",
                "HqO为业主提供解决方案，以满足相关租户的需求，这些租户期望以舒适为导向，社区驱动且适合移动设备的工作环境。移动应用程序可作为办公楼的远程控制，为租户提供最好的高级设施，现场体验，本地特权，与物业经理的通信功能，交通和班车接入，以及一个中心位置，可访问有关的所有信息和更新。建造。",
                "HqO首席执行官兼联合创始人Chase Garbarino说：“城市郊区市场蓬勃发展，部分原因在于它要求业主密切关注租户体验，以便与市中心的便利竞争。” “像国家发展，Boylston Properties和Bulfinch这样具有前瞻性思维的业主将首先采用移动技术，这不仅会改变租户与房产和现场设施的互动方式，还能大大改善他们的日常生活。工作经验，使企业更容易招聘和留住最优秀的人才。",
                "<h2><strong>伯灵顿区国家发展局</strong></h2>",
                "伯灵顿区拥有1.2M SF最先进的工作空间，可以现场使用七家精选餐厅，健身和健康设施，步行式开放空间，自行车共享，前往Alewife T站的私人班车，社区花园和更多。National Development选择HqO以为租户提供优质的工作环境而闻名，他们可以让租户每天都可以移动访问并增加有关各种独特体验，活动和设施的沟通。",
                "伯灵顿区的租户体验是我们的首要任务，我们非常重视有助于工作/生活平衡的设施，”国家发展资产管理副总裁Leah Harsfield说。“HqO将帮助我们实现我们的目标，即创造一种技术型体验，让租户期望与他们喜欢的工作环境相结合。",
                "<h2><strong>LINX BY BOYLSTON PROPERTIES</strong></h2>",
                "LINX在马萨诸塞州Watertown的East End社区拥有185,000平方英尺的实验室空间，是大波士顿地区一些最具创新性的生物技术企业的所在地。Boylston Properties拥有超过30年的零售，住宅，酒店，办公室和研究楼拥有和经营经验，利用HqO将其A级，LEED金实验室空间的租户与各种高级设施，体验和当地特权联系起来。 ，以及现场咖啡和三明治店，自行车存放处，淋浴间和更衣室，1,000个停车位以及前往哈佛广场的私人班车。",
                "LINX体现了我们更广泛的战略，旨在振兴Watertown的东区社区，吸引来自波士顿各地的顶级公司，提供现代化的综合设施，高级设施和城市无障碍设施。HqO是确保在LINX工作的专业人士对工作场所和社区体验感兴趣和完美的合作伙伴，“Boylston Properties负责人Bill McQuillan说。",
                "<h2><strong>BULFINCH公司的HILLSITE办公楼</strong></h2>",
                "Hillsite办公楼是一栋七层，111,928平方英尺的办公楼，位于N2创新区和128中心市场的中心地带。该建筑的租户可以在I-95/128号公路上方便地通勤，可以进入数十家当地餐馆和零售商，健身中心，日托/幼儿园和食品卡车。该建筑提供充足的租户和客用停车场，火车班车服务，自行车架和新鲜食品亭。通过与HqO合作，Bulfinch进一步致力于通过在现场提供独特的设施并在办公楼周围开放更多的额外服务来改善租户的日常工作体验 - 所有这些都可以通过手机专门用于Hillsite租户。",
                "Bulfinch专注于为我们的租户提供最好的工作空间，他们将Hillsite称为家庭，而HqO帮助这些专业人士发现和参与使其成为一个特殊工作场所的设施和体验，”租赁总监，高级副总裁Mike Wilcox说。在Bulfinch。“创造一个连通且舒适的工作环境使我们不仅能够留住现有租户，还能吸引其他顶级公司来到我们的大楼。",
                "HqO应用程序可供Google Play和iTunes App Store中的租户立即免费下载。"
            ]
        },
        "news_content_010":{
            "pic":"https://www.bulfinch.com/wp-content/uploads/2018/06/2018-Spring-Breakfast-JPEGs_121_medres-e1544632843588.jpg",
            "title":"BULFINCH赢得两项绿色奖，肯定了对可持续发展和绿色实践的承诺",
            "place_date":"马萨诸塞州NEEDHAM - 2018年6月12日",
            "paragraph":[
                "Bulfinch是一家私人房地产投资，开发和管理公司，今天宣布已  与哈佛大学在马萨诸塞州剑桥市784 Memorial Drive签署了长期租约。这家拥有61,000平方英尺的酒店由Bulfinch的附属公司所有，  位于纪念大道上，享有查尔斯河，波士顿后湾以及哈佛剑桥和奥尔斯顿校区的广阔景致  。",
                "Harvard在784 Memorial Drive的租约扩大了Bulfinch与这个着名机构的关系，这是我们哈佛广场物业的现有租户  ，”Bulfinch高级副总裁，租赁总监Mike Wilcox说。“784 Memorial Drive  为哈佛提供了理想的环境，因为酒店提供独特的历史特色组合，高度便利的地理位置  和优越的现代化基础设施，旨在支持高性能运营。",
                "哈佛大学的信息技术服务部计划占据整个房产。位于剑桥的创新十字路口  ，784 Memorial Drive将成为哈佛大学校园的新门户，为租户提供从波士顿和Mass Pike 轻松到达的通道  。",
                "784 Memorial Drive是一座历史悠久的四层办公楼，位于查尔斯河畔。最初建于1937年，  由Polaroid公司于20世纪40年代占领，最近由Infinity Pharmaceuticals占据，784 Memorial Drive是过去，现在和未来的真正创新中心  。",
                "JLL执行副总裁Molly Heath董事总经理John Osten和董事总经理Peter Bekarian代表  哈佛房地产寻找新空间。"
            ]
        }
    }
}