{
    "TenantAdvantageImg":[
        {
            "img1":"../img/TenantAdvantageImg/ExclusiveDiscount1.png"
        },
        {
            "img2":"../img/TenantAdvantageImg/ExclusiveDiscount2.png"
        },
        {
            "img3":"../img/TenantAdvantageImg/ExclusiveDiscount3.png"
        },
        {
            "img4":"../img/TenantAdvantageImg/ExclusiveDiscount4.png"
        },
        {
            "img5":"../img/TenantAdvantageImg/ExclusiveDiscount5.png"
        },
        {
            "img6":"../img/TenantAdvantageImg/ExclusiveDiscount6.png"
        },
        {
            "img7":"../img/TenantAdvantageImg/ExclusiveDiscount7.png"
        },
        {
            "img8":"../img/TenantAdvantageImg/ExclusiveDiscount8.png"
        },
        {
            "img9":"../img/TenantAdvantageImg/ExclusiveDiscount9.png"
        },
        {
            "img10":"../img/TenantAdvantageImg/ExclusiveDiscount10.png"
        },
        {
            "img11":"../img/TenantAdvantageImg/ExclusiveDiscount11.png"
        },
        {
            "img12":"../img/TenantAdvantageImg/ExclusiveDiscount12.png"
        },
        {
            "img13":"../img/TenantAdvantageImg/ExclusiveDiscount13.png"
        },
        {
            "img14":"../img/TenantAdvantageImg/ExclusiveDiscount14.png"
        },
        {
            "img15":"../img/TenantAdvantageImg/ExclusiveDiscount15.png"
        },
        {
            "img16":"../img/TenantAdvantageImg/ExclusiveDiscount16.png"
        },
        {
            "img17":"../img/TenantAdvantageImg/ExclusiveDiscount17.png"
        },
        {
            "img18":"../img/TenantAdvantageImg/ExclusiveDiscount18.png"
        },
        {
            "img19":"../img/TenantAdvantageImg/ExclusiveDiscount19.png"
        },
        {
            "img20":"../img/TenantAdvantageImg/ExclusiveDiscount20.png"
        },
        {
            "img21":"../img/TenantAdvantageImg/ExclusiveDiscount21.png"
        },
        {
            "img22":"../img/TenantAdvantageImg/ExclusiveDiscount22.png"
        },
        {
            "img23":"../img/TenantAdvantageImg/ExclusiveDiscount23.png"
        },
        {
            "img24":"../img/TenantAdvantageImg/ExclusiveDiscount24.png"
        },
        {
            "img25":"../img/TenantAdvantageImg/ExclusiveDiscount25.png"
        },
        {
            "img26":"../img/TenantAdvantageImg/ExclusiveDiscount26.png"
        },
        {
            "img27":"../img/TenantAdvantageImg/ExclusiveDiscount27.png"
        },
        {
            "img28":"../img/TenantAdvantageImg/ExclusiveDiscount28.png"
        },
        {
            "img29":"../img/TenantAdvantageImg/ExclusiveDiscount29.png"
        },
        {
            "img30":"../img/TenantAdvantageImg/ExclusiveDiscount30.png"
        },
        {
            "img31":"../img/TenantAdvantageImg/ExclusiveDiscount31.png"
        },
        {
            "img32":"../img/TenantAdvantageImg/ExclusiveDiscount32.png"
        },
        {
            "img33":"../img/TenantAdvantageImg/ExclusiveDiscount33.png"
        },
        {
            "img34":"../img/TenantAdvantageImg/ExclusiveDiscount34.png"
        }
    ]
}